status,source_path,source_size,source_date,dest_path,dest_size,dest_date
⚠️ Plus récent dans la source,C:\DATA-MC-2030\97IMPORT\97import2026_siteweb\vercel\docs\fiche_technique_maison_modulaire.pdf,5586.0,2026-04-04 19:52:43,C:\DATA-MC-2030\97IMPORT\97import2026_siteweb\documents\fiche_technique_maison_modulaire.pdf,5586,2026-04-04 19:47:05
⚠️ Plus récent dans la source,C:\DATA-MC-2030\97IMPORT\97import2026_siteweb\vercel\documents\r18_pro_fiche_technique.pdf,315334.0,2026-04-04 19:52:43,C:\DATA-MC-2030\97IMPORT\97import2026_siteweb\documents\r18_pro_fiche_technique.pdf,315334,2026-04-04 19:47:05
⚠️ Plus récent dans la source,C:\DATA-MC-2030\97IMPORT\97import2026_siteweb\vercel\documents\r22_pro_fiche_technique.pdf,318461.0,2026-04-04 19:52:44,C:\DATA-MC-2030\97IMPORT\97import2026_siteweb\documents\r22_pro_fiche_technique.pdf,318461,2026-04-04 19:47:05
⚠️ Plus récent dans la source,C:\DATA-MC-2030\97IMPORT\97import2026_siteweb\vercel\documents\r32_pro_fiche_technique.pdf,325745.0,2026-04-04 19:52:44,C:\DATA-MC-2030\97IMPORT\97import2026_siteweb\documents\r32_pro_fiche_technique.pdf,325745,2026-04-04 19:47:05
⚠️ Plus récent dans la source,C:\DATA-MC-2030\97IMPORT\97import2026_siteweb\vercel\documents\r57_pro_fiche_technique.pdf,27922.0,2026-04-04 19:52:44,C:\DATA-MC-2030\97IMPORT\97import2026_siteweb\documents\r57_pro_fiche_technique.pdf,27922,2026-04-04 19:47:05
⚠️ Plus récent dans la source,C:\DATA-MC-2030\97IMPORT\97import2026_siteweb\vercel\images\direxport_logo_blue.png,1529.0,2026-04-04 19:52:50,C:\DATA-MC-2030\97IMPORT\97import2026_siteweb\images\logos\direxport_logo_blue.png,1529,2026-04-04 19:46:57
⚠️ Plus récent dans la source,C:\DATA-MC-2030\97IMPORT\97import2026_siteweb\vercel\images\logo_import97.png,100101.0,2026-04-04 19:52:52,C:\DATA-MC-2030\97IMPORT\97import2026_siteweb\images\logos\logo_import97.png,100101,2026-04-04 19:46:57
⚠️ Plus récent dans la source,C:\DATA-MC-2030\97IMPORT\97import2026_siteweb\vercel\images\logo_import97_footer_transparent.png,122769.0,2026-04-04 19:52:52,C:\DATA-MC-2030\97IMPORT\97import2026_siteweb\images\logos\logo_import97_footer_transparent.png,122769,2026-04-04 19:46:57
⚠️ Plus récent dans la source,C:\DATA-MC-2030\97IMPORT\97import2026_siteweb\vercel\images\logo_import97_large.png,150200.0,2026-04-04 19:52:52,C:\DATA-MC-2030\97IMPORT\97import2026_siteweb\images\logos\logo_import97_large.png,150200,2026-04-04 19:46:57
⚠️ Plus récent dans la source,C:\DATA-MC-2030\97IMPORT\97import2026_siteweb\vercel\images\logo_rippa_domtom_transparent.png,18977.0,2026-04-04 19:52:52,C:\DATA-MC-2030\97IMPORT\97import2026_siteweb\images\logos\logo_rippa_domtom_transparent.png,18977,2026-04-04 19:46:57
⚠️ Plus récent dans la source,C:\DATA-MC-2030\97IMPORT\97import2026_siteweb\vercel\images\logo_rippa_new.png,107332.0,2026-04-04 19:52:53,C:\DATA-MC-2030\97IMPORT\97import2026_siteweb\images\logos\logo_rippa_new.png,107332,2026-04-04 19:46:57
⚠️ Plus récent dans la source,C:\DATA-MC-2030\97IMPORT\97import2026_siteweb\vercel\images\rippa-dom-tom-white.png,116183.0,2026-04-04 19:53:21,C:\DATA-MC-2030\97IMPORT\97import2026_siteweb\images\logos\rippa-dom-tom-white.png,116183,2026-04-04 19:46:57
⚠️ Plus récent dans la source,C:\DATA-MC-2030\97IMPORT\97import2026_siteweb\vercel\images\accessories\auger_r18.jpeg,15210.0,2026-04-04 19:52:44,C:\DATA-MC-2030\97IMPORT\97import2026_siteweb\images\accessories\auger_r18.jpeg,15210,2026-04-04 19:47:02
⚠️ Plus récent dans la source,C:\DATA-MC-2030\97IMPORT\97import2026_siteweb\vercel\images\accessories\flat_bucket_r18.jpeg,12636.0,2026-04-04 19:52:45,C:\DATA-MC-2030\97IMPORT\97import2026_siteweb\images\accessories\flat_bucket_r18.jpeg,12636,2026-04-04 19:47:02
⚠️ Plus récent dans la source,C:\DATA-MC-2030\97IMPORT\97import2026_siteweb\vercel\images\accessories\fourche.jpeg,15210.0,2026-04-04 19:52:45,C:\DATA-MC-2030\97IMPORT\97import2026_siteweb\images\accessories\fourche.jpeg,15210,2026-04-04 19:47:02
⚠️ Plus récent dans la source,C:\DATA-MC-2030\97IMPORT\97import2026_siteweb\vercel\images\accessories\godet_cribleur.png,19712.0,2026-04-04 19:52:45,C:\DATA-MC-2030\97IMPORT\97import2026_siteweb\images\accessories\godet_cribleur.png,19712,2026-04-04 19:47:02
⚠️ Plus récent dans la source,C:\DATA-MC-2030\97IMPORT\97import2026_siteweb\vercel\images\accessories\godet_dents.png,22602.0,2026-04-04 19:52:46,C:\DATA-MC-2030\97IMPORT\97import2026_siteweb\images\accessories\godet_dents.png,22602,2026-04-04 19:47:02
⚠️ Plus récent dans la source,C:\DATA-MC-2030\97IMPORT\97import2026_siteweb\vercel\images\accessories\godet_inclinable.jpeg,15210.0,2026-04-04 19:52:46,C:\DATA-MC-2030\97IMPORT\97import2026_siteweb\images\accessories\godet_inclinable.jpeg,15210,2026-04-04 19:47:02
⚠️ Plus récent dans la source,C:\DATA-MC-2030\97IMPORT\97import2026_siteweb\vercel\images\accessories\godet_lisse.jpeg,15210.0,2026-04-04 19:52:47,C:\DATA-MC-2030\97IMPORT\97import2026_siteweb\images\accessories\godet_lisse.jpeg,15210,2026-04-04 19:47:02
⚠️ Plus récent dans la source,C:\DATA-MC-2030\97IMPORT\97import2026_siteweb\vercel\images\accessories\grappin.jpeg,15210.0,2026-04-04 19:52:47,C:\DATA-MC-2030\97IMPORT\97import2026_siteweb\images\accessories\grappin.jpeg,15210,2026-04-04 19:47:02
⚠️ Plus récent dans la source,C:\DATA-MC-2030\97IMPORT\97import2026_siteweb\vercel\images\accessories\grapple_r18.jpeg,14770.0,2026-04-04 19:52:47,C:\DATA-MC-2030\97IMPORT\97import2026_siteweb\images\accessories\grapple_r18.jpeg,14770,2026-04-04 19:47:02
⚠️ Plus récent dans la source,C:\DATA-MC-2030\97IMPORT\97import2026_siteweb\vercel\images\accessories\hydraulic_hammer_r18.jpeg,15095.0,2026-04-04 19:52:48,C:\DATA-MC-2030\97IMPORT\97import2026_siteweb\images\accessories\hydraulic_hammer_r18.jpeg,15095,2026-04-04 19:47:02
⚠️ Plus récent dans la source,C:\DATA-MC-2030\97IMPORT\97import2026_siteweb\vercel\images\accessories\marteau_hydraulique.png,19491.0,2026-04-04 19:52:48,C:\DATA-MC-2030\97IMPORT\97import2026_siteweb\images\accessories\marteau_hydraulique.png,19491,2026-04-04 19:47:02
⚠️ Plus récent dans la source,C:\DATA-MC-2030\97IMPORT\97import2026_siteweb\vercel\images\accessories\rake_r18.jpeg,15593.0,2026-04-04 19:52:49,C:\DATA-MC-2030\97IMPORT\97import2026_siteweb\images\accessories\rake_r18.jpeg,15593,2026-04-04 19:47:02
⚠️ Plus récent dans la source,C:\DATA-MC-2030\97IMPORT\97import2026_siteweb\vercel\images\accessories\ripper_r18.jpeg,9464.0,2026-04-04 19:52:49,C:\DATA-MC-2030\97IMPORT\97import2026_siteweb\images\accessories\ripper_r18.jpeg,9464,2026-04-04 19:47:02
⚠️ Plus récent dans la source,C:\DATA-MC-2030\97IMPORT\97import2026_siteweb\vercel\images\accessories\tariere.jpeg,15210.0,2026-04-04 19:52:49,C:\DATA-MC-2030\97IMPORT\97import2026_siteweb\images\accessories\tariere.jpeg,15210,2026-04-04 19:47:02
⚠️ Plus récent dans la source,C:\DATA-MC-2030\97IMPORT\97import2026_siteweb\vercel\images\accessories\tilt_bucket_r18.jpeg,15268.0,2026-04-04 19:52:50,C:\DATA-MC-2030\97IMPORT\97import2026_siteweb\images\accessories\tilt_bucket_r18.jpeg,15268,2026-04-04 19:47:02
⚠️ Plus récent dans la source,C:\DATA-MC-2030\97IMPORT\97import2026_siteweb\vercel\images\accessories\tooth_bucket_r18.jpeg,13604.0,2026-04-04 19:52:50,C:\DATA-MC-2030\97IMPORT\97import2026_siteweb\images\accessories\tooth_bucket_r18.jpeg,13604,2026-04-04 19:47:02
⚠️ Plus récent dans la source,C:\DATA-MC-2030\97IMPORT\97import2026_siteweb\vercel\images\logo\logo_import97_footer.png,84059.0,2026-04-04 19:52:51,C:\DATA-MC-2030\97IMPORT\97import2026_siteweb\images\logos\logo_import97_footer.png,84059,2026-04-04 19:46:57
⚠️ Plus récent dans la source,C:\DATA-MC-2030\97IMPORT\97import2026_siteweb\vercel\images\portal\agri_tractor.jpeg,193806.0,2026-04-04 19:52:53,C:\DATA-MC-2030\97IMPORT\97import2026_siteweb\images\portal\agri_tractor.jpeg,193806,2026-04-04 19:47:02
⚠️ Plus récent dans la source,C:\DATA-MC-2030\97IMPORT\97import2026_siteweb\vercel\images\portal\agri_tractor.jpg,54560.0,2026-04-04 19:52:53,C:\DATA-MC-2030\97IMPORT\97import2026_siteweb\images\portal\agri_tractor.jpg,54560,2026-04-04 19:47:02
⚠️ Plus récent dans la source,C:\DATA-MC-2030\97IMPORT\97import2026_siteweb\vercel\images\portal\camping_car.jpg,311159.0,2026-04-04 19:52:53,C:\DATA-MC-2030\97IMPORT\97import2026_siteweb\images\portal\camping_car.jpg,311159,2026-04-04 19:47:02
⚠️ Plus récent dans la source,C:\DATA-MC-2030\97IMPORT\97import2026_siteweb\vercel\images\portal\camping_car.png,655538.0,2026-04-04 19:52:54,C:\DATA-MC-2030\97IMPORT\97import2026_siteweb\images\portal\camping_car.png,655538,2026-04-04 19:47:02
⚠️ Plus récent dans la source,C:\DATA-MC-2030\97IMPORT\97import2026_siteweb\vercel\images\portal\hero_ship.png,1087282.0,2026-04-04 19:52:54,C:\DATA-MC-2030\97IMPORT\97import2026_siteweb\images\portal\hero_ship.png,1087282,2026-04-04 19:47:02
⚠️ Plus récent dans la source,C:\DATA-MC-2030\97IMPORT\97import2026_siteweb\vercel\images\portal\modular_home.png,1429445.0,2026-04-04 19:52:55,C:\DATA-MC-2030\97IMPORT\97import2026_siteweb\images\portal\modular_home.png,1429445,2026-04-04 19:47:02
⚠️ Plus récent dans la source,C:\DATA-MC-2030\97IMPORT\97import2026_siteweb\vercel\images\portal\solar_panel.jpg,411370.0,2026-04-04 19:52:55,C:\DATA-MC-2030\97IMPORT\97import2026_siteweb\images\portal\solar_panel.jpg,411370,2026-04-04 19:47:02
⚠️ Plus récent dans la source,C:\DATA-MC-2030\97IMPORT\97import2026_siteweb\vercel\images\portal\solar_panel_jinko.png,336832.0,2026-04-04 19:52:56,C:\DATA-MC-2030\97IMPORT\97import2026_siteweb\images\portal\solar_panel_jinko.png,336832,2026-04-04 19:47:02
⚠️ Plus récent dans la source,C:\DATA-MC-2030\97IMPORT\97import2026_siteweb\vercel\images\portal\solar_roof.jpg,129835.0,2026-04-04 19:52:56,C:\DATA-MC-2030\97IMPORT\97import2026_siteweb\images\portal\solar_roof.jpg,129835,2026-04-04 19:47:02
⚠️ Plus récent dans la source,C:\DATA-MC-2030\97IMPORT\97import2026_siteweb\vercel\images\products\r10_eco_main.png,505988.0,2026-04-04 19:53:08,C:\DATA-MC-2030\97IMPORT\97import2026_siteweb\images\products\r10_eco_main.png,505988,2026-04-04 19:47:00
⚠️ Plus récent dans la source,C:\DATA-MC-2030\97IMPORT\97import2026_siteweb\vercel\images\products\r13_pro.png,20019.0,2026-04-04 19:53:09,C:\DATA-MC-2030\97IMPORT\97import2026_siteweb\images\products\r13_pro.png,20019,2026-04-04 19:47:00
⚠️ Plus récent dans la source,C:\DATA-MC-2030\97IMPORT\97import2026_siteweb\vercel\images\products\r15_eco.png,20019.0,2026-04-04 19:53:09,C:\DATA-MC-2030\97IMPORT\97import2026_siteweb\images\products\r15_eco.png,20019,2026-04-04 19:47:00
⚠️ Plus récent dans la source,C:\DATA-MC-2030\97IMPORT\97import2026_siteweb\vercel\images\products\r18_pro.png,152128.0,2026-04-04 19:53:09,C:\DATA-MC-2030\97IMPORT\97import2026_siteweb\images\products\r18_pro.png,152128,2026-04-04 19:47:00
⚠️ Plus récent dans la source,C:\DATA-MC-2030\97IMPORT\97import2026_siteweb\vercel\images\products\r22_pro.png,154410.0,2026-04-04 19:53:12,C:\DATA-MC-2030\97IMPORT\97import2026_siteweb\images\products\r22_pro.png,154410,2026-04-04 19:47:00
⚠️ Plus récent dans la source,C:\DATA-MC-2030\97IMPORT\97import2026_siteweb\vercel\images\products\r22_pro_main.png,481348.0,2026-04-04 19:53:15,C:\DATA-MC-2030\97IMPORT\97import2026_siteweb\images\products\r22_pro_main.png,481348,2026-04-04 19:47:00
⚠️ Plus récent dans la source,C:\DATA-MC-2030\97IMPORT\97import2026_siteweb\vercel\images\products\r32_pro.png,147878.0,2026-04-04 19:53:16,C:\DATA-MC-2030\97IMPORT\97import2026_siteweb\images\products\r32_pro.png,147878,2026-04-04 19:47:00
⚠️ Plus récent dans la source,C:\DATA-MC-2030\97IMPORT\97import2026_siteweb\vercel\images\products\camping_car\bathroom.jpg,169068.0,2026-04-04 19:52:56,C:\DATA-MC-2030\97IMPORT\97import2026_siteweb\images\houses\camping_car\bathroom.jpg,169068,2026-04-04 19:47:03
⚠️ Plus récent dans la source,C:\DATA-MC-2030\97IMPORT\97import2026_siteweb\vercel\images\products\camping_car\bedroom.jpg,282151.0,2026-04-04 19:52:57,C:\DATA-MC-2030\97IMPORT\97import2026_siteweb\images\houses\camping_car\bedroom.jpg,282151,2026-04-04 19:47:03
⚠️ Plus récent dans la source,C:\DATA-MC-2030\97IMPORT\97import2026_siteweb\vercel\images\products\camping_car\dining_area.jpg,297165.0,2026-04-04 19:52:57,C:\DATA-MC-2030\97IMPORT\97import2026_siteweb\images\houses\camping_car\dining_area.jpg,297165,2026-04-04 19:47:03
⚠️ Plus récent dans la source,C:\DATA-MC-2030\97IMPORT\97import2026_siteweb\vercel\images\products\camping_car\exterior_back.jpg,266225.0,2026-04-04 19:52:57,C:\DATA-MC-2030\97IMPORT\97import2026_siteweb\images\houses\camping_car\exterior_back.jpg,266225,2026-04-04 19:47:03
⚠️ Plus récent dans la source,C:\DATA-MC-2030\97IMPORT\97import2026_siteweb\vercel\images\products\camping_car\exterior_front_side.jpg,270887.0,2026-04-04 19:52:57,C:\DATA-MC-2030\97IMPORT\97import2026_siteweb\images\houses\camping_car\exterior_front_side.jpg,270887,2026-04-04 19:47:03
⚠️ Plus récent dans la source,C:\DATA-MC-2030\97IMPORT\97import2026_siteweb\vercel\images\products\camping_car\exterior_side.jpg,203618.0,2026-04-04 19:52:58,C:\DATA-MC-2030\97IMPORT\97import2026_siteweb\images\houses\camping_car\exterior_side.jpg,203618,2026-04-04 19:47:03
⚠️ Plus récent dans la source,C:\DATA-MC-2030\97IMPORT\97import2026_siteweb\vercel\images\products\camping_car\interior_living.jpg,250186.0,2026-04-04 19:52:58,C:\DATA-MC-2030\97IMPORT\97import2026_siteweb\images\houses\camping_car\interior_living.jpg,250186,2026-04-04 19:47:03
⚠️ Plus récent dans la source,C:\DATA-MC-2030\97IMPORT\97import2026_siteweb\vercel\images\products\camping_car\interior_overview.jpg,290082.0,2026-04-04 19:52:59,C:\DATA-MC-2030\97IMPORT\97import2026_siteweb\images\houses\camping_car\interior_overview.jpg,290082,2026-04-04 19:47:03
⚠️ Plus récent dans la source,C:\DATA-MC-2030\97IMPORT\97import2026_siteweb\vercel\images\products\camping_car\kitchen.jpg,252603.0,2026-04-04 19:52:59,C:\DATA-MC-2030\97IMPORT\97import2026_siteweb\images\houses\camping_car\kitchen.jpg,252603,2026-04-04 19:47:03
⚠️ Plus récent dans la source,C:\DATA-MC-2030\97IMPORT\97import2026_siteweb\vercel\images\products\camping_car\laundry.jpg,244161.0,2026-04-04 19:52:59,C:\DATA-MC-2030\97IMPORT\97import2026_siteweb\images\houses\camping_car\laundry.jpg,244161,2026-04-04 19:47:03
⚠️ Plus récent dans la source,C:\DATA-MC-2030\97IMPORT\97import2026_siteweb\vercel\images\products\camping_car\video_tour.mp4,13812784.0,2026-04-04 19:53:00,C:\DATA-MC-2030\97IMPORT\97import2026_siteweb\images\houses\camping_car\video_tour.mp4,13812784,2026-04-04 19:47:03
⚠️ Plus récent dans la source,C:\DATA-MC-2030\97IMPORT\97import2026_siteweb\vercel\images\products\modular_premium\exterior_1.jpg,249609.0,2026-04-04 19:53:00,C:\DATA-MC-2030\97IMPORT\97import2026_siteweb\images\houses\modular_premium\exterior_1.jpg,249609,2026-04-04 19:47:03
⚠️ Plus récent dans la source,C:\DATA-MC-2030\97IMPORT\97import2026_siteweb\vercel\images\products\modular_premium\exterior_2.jpg,196171.0,2026-04-04 19:53:01,C:\DATA-MC-2030\97IMPORT\97import2026_siteweb\images\houses\modular_premium\exterior_2.jpg,196171,2026-04-04 19:47:03
⚠️ Plus récent dans la source,C:\DATA-MC-2030\97IMPORT\97import2026_siteweb\vercel\images\products\modular_premium\exterior_3.jpg,2706041.0,2026-04-04 19:53:01,C:\DATA-MC-2030\97IMPORT\97import2026_siteweb\images\houses\modular_premium\exterior_3.jpg,2706041,2026-04-04 19:47:03
⚠️ Plus récent dans la source,C:\DATA-MC-2030\97IMPORT\97import2026_siteweb\vercel\images\products\modular_premium\exterior_4.jpg,310526.0,2026-04-04 19:53:01,C:\DATA-MC-2030\97IMPORT\97import2026_siteweb\images\houses\modular_premium\exterior_4.jpg,310526,2026-04-04 19:47:03
⚠️ Plus récent dans la source,C:\DATA-MC-2030\97IMPORT\97import2026_siteweb\vercel\images\products\modular_premium\video_1.mp4,10938624.0,2026-04-04 19:53:02,C:\DATA-MC-2030\97IMPORT\97import2026_siteweb\images\houses\modular_premium\video_1.mp4,10938624,2026-04-04 19:47:03
⚠️ Plus récent dans la source,C:\DATA-MC-2030\97IMPORT\97import2026_siteweb\vercel\images\products\modular_premium\video_2.mp4,30366314.0,2026-04-04 19:53:03,C:\DATA-MC-2030\97IMPORT\97import2026_siteweb\images\houses\modular_premium\video_2.mp4,30366314,2026-04-04 19:47:03
⚠️ Plus récent dans la source,C:\DATA-MC-2030\97IMPORT\97import2026_siteweb\vercel\images\products\modular_standard\exterior_1.jpeg,113114.0,2026-04-04 19:53:03,C:\DATA-MC-2030\97IMPORT\97import2026_siteweb\images\houses\modular_standard\exterior_1.jpeg,113114,2026-04-04 19:47:03
⚠️ Plus récent dans la source,C:\DATA-MC-2030\97IMPORT\97import2026_siteweb\vercel\images\products\modular_standard\exterior_2.jpeg,95878.0,2026-04-04 19:53:04,C:\DATA-MC-2030\97IMPORT\97import2026_siteweb\images\houses\modular_standard\exterior_2.jpeg,95878,2026-04-04 19:47:03
⚠️ Plus récent dans la source,C:\DATA-MC-2030\97IMPORT\97import2026_siteweb\vercel\images\products\modular_standard\exterior_3.jpeg,221845.0,2026-04-04 19:53:04,C:\DATA-MC-2030\97IMPORT\97import2026_siteweb\images\houses\modular_standard\exterior_3.jpeg,221845,2026-04-04 19:47:03
⚠️ Plus récent dans la source,C:\DATA-MC-2030\97IMPORT\97import2026_siteweb\vercel\images\products\modular_standard\exterior_4.jpeg,77030.0,2026-04-04 19:53:04,C:\DATA-MC-2030\97IMPORT\97import2026_siteweb\images\houses\modular_standard\exterior_4.jpeg,77030,2026-04-04 19:47:03
⚠️ Plus récent dans la source,C:\DATA-MC-2030\97IMPORT\97import2026_siteweb\vercel\images\products\modular_standard\exterior_5.jpeg,199894.0,2026-04-04 19:53:05,C:\DATA-MC-2030\97IMPORT\97import2026_siteweb\images\houses\modular_standard\exterior_5.jpeg,199894,2026-04-04 19:47:03
⚠️ Plus récent dans la source,C:\DATA-MC-2030\97IMPORT\97import2026_siteweb\vercel\images\products\modular_standard\exterior_6.jpeg,191090.0,2026-04-04 19:53:05,C:\DATA-MC-2030\97IMPORT\97import2026_siteweb\images\houses\modular_standard\exterior_6.jpeg,191090,2026-04-04 19:47:03
⚠️ Plus récent dans la source,C:\DATA-MC-2030\97IMPORT\97import2026_siteweb\vercel\images\products\modular_standard\exterior_7.jpeg,193806.0,2026-04-04 19:53:05,C:\DATA-MC-2030\97IMPORT\97import2026_siteweb\images\houses\modular_standard\exterior_7.jpeg,193806,2026-04-04 19:47:03
⚠️ Plus récent dans la source,C:\DATA-MC-2030\97IMPORT\97import2026_siteweb\vercel\images\products\modular_standard\video_1.mp4,3699264.0,2026-04-04 19:53:05,C:\DATA-MC-2030\97IMPORT\97import2026_siteweb\images\houses\modular_premium\video_1.mp4,10938624,2026-04-04 19:47:03
⚠️ Plus récent dans la source,C:\DATA-MC-2030\97IMPORT\97import2026_siteweb\vercel\images\products\modular_standard\video_2.mp4,15909716.0,2026-04-04 19:53:06,C:\DATA-MC-2030\97IMPORT\97import2026_siteweb\images\houses\modular_premium\video_2.mp4,30366314,2026-04-04 19:47:03
⚠️ Plus récent dans la source,C:\DATA-MC-2030\97IMPORT\97import2026_siteweb\vercel\images\products\modular_standard\video_3.mp4,14016412.0,2026-04-04 19:53:07,C:\DATA-MC-2030\97IMPORT\97import2026_siteweb\images\houses\modular_standard\video_3.mp4,14016412,2026-04-04 19:47:03
⚠️ Plus récent dans la source,C:\DATA-MC-2030\97IMPORT\97import2026_siteweb\vercel\images\products\r18_pro\r18_pro_cab_view.png,267084.0,2026-04-04 19:53:10,C:\DATA-MC-2030\97IMPORT\97import2026_siteweb\images\products\r18_pro\r18_pro_cab_view.png,267084,2026-04-04 19:47:00
⚠️ Plus récent dans la source,C:\DATA-MC-2030\97IMPORT\97import2026_siteweb\vercel\images\products\r18_pro\r18_pro_main_view.png,481200.0,2026-04-04 19:53:10,C:\DATA-MC-2030\97IMPORT\97import2026_siteweb\images\products\r18_pro\r18_pro_main_view.png,481200,2026-04-04 19:47:00
⚠️ Plus récent dans la source,C:\DATA-MC-2030\97IMPORT\97import2026_siteweb\vercel\images\products\r18_pro\r18_pro_rear_view.png,1035968.0,2026-04-04 19:53:11,C:\DATA-MC-2030\97IMPORT\97import2026_siteweb\images\products\r18_pro\r18_pro_rear_view.png,1035968,2026-04-04 19:47:00
⚠️ Plus récent dans la source,C:\DATA-MC-2030\97IMPORT\97import2026_siteweb\vercel\images\products\r18_pro\r18_pro_side_view.png,1054352.0,2026-04-04 19:53:12,C:\DATA-MC-2030\97IMPORT\97import2026_siteweb\images\products\r18_pro\r18_pro_side_view.png,1054352,2026-04-04 19:47:00
⚠️ Plus récent dans la source,C:\DATA-MC-2030\97IMPORT\97import2026_siteweb\vercel\images\products\r22_pro\r22_pro_cab_view.png,241670.0,2026-04-04 19:53:13,C:\DATA-MC-2030\97IMPORT\97import2026_siteweb\images\products\r22_pro\r22_pro_cab_view.png,241670,2026-04-04 19:47:00
⚠️ Plus récent dans la source,C:\DATA-MC-2030\97IMPORT\97import2026_siteweb\vercel\images\products\r22_pro\r22_pro_main_view.png,481348.0,2026-04-04 19:53:13,C:\DATA-MC-2030\97IMPORT\97import2026_siteweb\images\products\r22_pro\r22_pro_main_view.png,481348,2026-04-04 19:47:00
⚠️ Plus récent dans la source,C:\DATA-MC-2030\97IMPORT\97import2026_siteweb\vercel\images\products\r22_pro\r22_pro_rear_view.png,1048122.0,2026-04-04 19:53:14,C:\DATA-MC-2030\97IMPORT\97import2026_siteweb\images\products\r22_pro\r22_pro_rear_view.png,1048122,2026-04-04 19:47:00
⚠️ Plus récent dans la source,C:\DATA-MC-2030\97IMPORT\97import2026_siteweb\vercel\images\products\r22_pro\r22_pro_side_view.png,1059056.0,2026-04-04 19:53:15,C:\DATA-MC-2030\97IMPORT\97import2026_siteweb\images\products\r22_pro\r22_pro_side_view.png,1059056,2026-04-04 19:47:00
⚠️ Plus récent dans la source,C:\DATA-MC-2030\97IMPORT\97import2026_siteweb\vercel\images\products\r32_pro\r32_pro_cab_view.png,219701.0,2026-04-04 19:53:17,C:\DATA-MC-2030\97IMPORT\97import2026_siteweb\images\products\r32_pro\r32_pro_cab_view.png,219701,2026-04-04 19:47:00
⚠️ Plus récent dans la source,C:\DATA-MC-2030\97IMPORT\97import2026_siteweb\vercel\images\products\r32_pro\r32_pro_main_view.png,473034.0,2026-04-04 19:53:17,C:\DATA-MC-2030\97IMPORT\97import2026_siteweb\images\products\r32_pro\r32_pro_main_view.png,473034,2026-04-04 19:47:00
⚠️ Plus récent dans la source,C:\DATA-MC-2030\97IMPORT\97import2026_siteweb\vercel\images\products\r32_pro\r32_pro_rear_view.png,935342.0,2026-04-04 19:53:18,C:\DATA-MC-2030\97IMPORT\97import2026_siteweb\images\products\r32_pro\r32_pro_rear_view.png,935342,2026-04-04 19:47:00
⚠️ Plus récent dans la source,C:\DATA-MC-2030\97IMPORT\97import2026_siteweb\vercel\images\products\r32_pro\r32_pro_side_view.png,1046764.0,2026-04-04 19:53:18,C:\DATA-MC-2030\97IMPORT\97import2026_siteweb\images\products\r32_pro\r32_pro_side_view.png,1046764,2026-04-04 19:47:00
⚠️ Plus récent dans la source,C:\DATA-MC-2030\97IMPORT\97import2026_siteweb\vercel\images\products\r57_pro\r57_pro_main_view.png,211748.0,2026-04-04 19:53:19,C:\DATA-MC-2030\97IMPORT\97import2026_siteweb\images\products\r57_pro\r57_pro_main_view.png,211748,2026-04-04 19:47:00
⚠️ Plus récent dans la source,C:\DATA-MC-2030\97IMPORT\97import2026_siteweb\vercel\images\products\solar_kits\battery_lifepo4.png,187759.0,2026-04-04 19:53:19,C:\DATA-MC-2030\97IMPORT\97import2026_siteweb\images\products\solar_kits\battery_lifepo4.png,187759,2026-04-04 19:47:00
⚠️ Plus récent dans la source,C:\DATA-MC-2030\97IMPORT\97import2026_siteweb\vercel\images\products\solar_kits\deye_inverter.png,52007.0,2026-04-04 19:53:20,C:\DATA-MC-2030\97IMPORT\97import2026_siteweb\images\products\solar_kits\deye_inverter.png,52007,2026-04-04 19:47:00
⚠️ Plus récent dans la source,C:\DATA-MC-2030\97IMPORT\97import2026_siteweb\vercel\images\products\solar_kits\jinko_panel_layers.png,240921.0,2026-04-04 19:53:20,C:\DATA-MC-2030\97IMPORT\97import2026_siteweb\images\products\solar_kits\jinko_panel_layers.png,240921,2026-04-04 19:47:00
⚠️ Plus récent dans la source,C:\DATA-MC-2030\97IMPORT\97import2026_siteweb\vercel\images\products\solar_kits\solar_cables.png,501223.0,2026-04-04 19:53:21,C:\DATA-MC-2030\97IMPORT\97import2026_siteweb\images\products\solar_kits\solar_cables.png,501223,2026-04-04 19:47:00
⚠️ Plus récent dans la source,C:\DATA-MC-2030\97IMPORT\97import2026_siteweb\vercel\images\solar\jinko_600w_tiger_neo.jpg,22582.0,2026-04-04 19:53:22,C:\DATA-MC-2030\97IMPORT\97import2026_siteweb\images\solar\jinko_600w_tiger_neo.jpg,22582,2026-04-04 19:47:02
⚠️ Plus récent dans la source,C:\DATA-MC-2030\97IMPORT\97import2026_siteweb\vercel\images\solar\jinko_truck_delivery.jpg,113238.0,2026-04-04 19:53:22,C:\DATA-MC-2030\97IMPORT\97import2026_siteweb\images\solar\jinko_truck_delivery.jpg,113238,2026-04-04 19:47:02
⚠️ Plus récent dans la source,C:\DATA-MC-2030\97IMPORT\97import2026_siteweb\vercel\images\solar\jinko_warehouse.jpg,71756.0,2026-04-04 19:53:23,C:\DATA-MC-2030\97IMPORT\97import2026_siteweb\images\solar\jinko_warehouse.jpg,71756,2026-04-04 19:47:02
⚠️ Plus récent dans la source,C:\DATA-MC-2030\97IMPORT\97import2026_siteweb\vercel\images\solar\solar_installations.jpg,60678.0,2026-04-04 19:53:24,C:\DATA-MC-2030\97IMPORT\97import2026_siteweb\images\solar\solar_installations.jpg,60678,2026-04-04 19:47:02
⚠️ Plus récent dans la source,C:\DATA-MC-2030\97IMPORT\97import2026_siteweb\videos\video_1.mp4,10938624.0,2026-04-04 19:47:07,C:\DATA-MC-2030\97IMPORT\97import2026_siteweb\images\houses\modular_premium\video_1.mp4,10938624,2026-04-04 19:47:03
⚠️ Plus récent dans la source,C:\DATA-MC-2030\97IMPORT\97import2026_siteweb\videos\video_2.mp4,30366314.0,2026-04-04 19:47:07,C:\DATA-MC-2030\97IMPORT\97import2026_siteweb\images\houses\modular_premium\video_2.mp4,30366314,2026-04-04 19:47:03
⚠️ Plus récent dans la source,C:\DATA-MC-2030\97IMPORT\97import2026_siteweb\videos\video_3.mp4,14016412.0,2026-04-04 19:47:07,C:\DATA-MC-2030\97IMPORT\97import2026_siteweb\images\houses\modular_standard\video_3.mp4,14016412,2026-04-04 19:47:03
⚠️ Plus récent dans la source,C:\DATA-MC-2030\97IMPORT\97import2026_siteweb\videos\video_tour.mp4,13812784.0,2026-04-04 19:47:07,C:\DATA-MC-2030\97IMPORT\97import2026_siteweb\images\houses\camping_car\video_tour.mp4,13812784,2026-04-04 19:47:03
❌ Manquant dans la source,,,,C:\DATA-MC-2030\97IMPORT\MIGRATION_PACKAGE_FINAL\Devis_D2600022-1.pdf,19481,2026-04-04 11:02:33
❌ Manquant dans la source,,,,C:\DATA-MC-2030\97IMPORT\node_modules\@supabase\phoenix\priv\static\phoenix-orange.png,16037,2026-04-04 16:48:43
❌ Manquant dans la source,,,,C:\DATA-MC-2030\97IMPORT\node_modules\@supabase\phoenix\priv\static\phoenix.png,13900,2026-04-04 16:48:43
❌ Manquant dans la source,,,,C:\DATA-MC-2030\97IMPORT\node_modules\highlight.js\scss\brown-papersq.png,18198,2026-04-03 23:32:14
❌ Manquant dans la source,,,,C:\DATA-MC-2030\97IMPORT\node_modules\highlight.js\scss\pojoaque.jpg,1186,2026-04-03 23:32:13
❌ Manquant dans la source,,,,C:\DATA-MC-2030\97IMPORT\node_modules\highlight.js\scss\school-book.png,486,2026-04-03 23:32:14
❌ Manquant dans la source,,,,C:\DATA-MC-2030\97IMPORT\node_modules\highlight.js\styles\brown-papersq.png,18198,2026-04-03 23:32:14
❌ Manquant dans la source,,,,C:\DATA-MC-2030\97IMPORT\node_modules\highlight.js\styles\pojoaque.jpg,1186,2026-04-03 23:32:13
❌ Manquant dans la source,,,,C:\DATA-MC-2030\97IMPORT\node_modules\highlight.js\styles\school-book.png,486,2026-04-03 23:32:14
❌ Manquant dans la source,,,,C:\DATA-MC-2030\97IMPORT\node_modules\xlsx\formats.png,208619,2026-04-04 20:46:41
❌ Manquant dans la source,,,,C:\DATA-MC-2030\97IMPORT\node_modules\xlsx\legend.png,33608,2026-04-04 20:46:41
❌ Manquant dans la source,,,,C:\DATA-MC-2030\97IMPORT\node_modules\zod-to-json-schema\.github\CR_logotype-full-color.png,11047,2026-04-03 23:32:13
